{"weights": [0.078125, 0.35, 0.039999999999999994, 0.009999999999999998, 0.009999999999999998], "participants": 1, "rounds": 11, "accuracy": 0.852, "aggregated_at": "2026-05-03T15:11:04.386299", "privacy": "Only model weights aggregated \u2014 no raw data transmitted"}