{"student_id": 4, "weights": [0.1171875, 0.35, 0.039999999999999994, 0.009999999999999998, 0.009999999999999998], "suspicious_score": 0.5272, "timestamp": "2026-05-07T05:23:05.527985"}