{"student_id": 7, "weights": [0.1171875, 0.0, 0.039999999999999994, 0.009999999999999998, 0.009999999999999998], "suspicious_score": 0.1772, "timestamp": "2026-05-16T15:24:31.380208"}