{"student_id": 5, "weights": [0.1171875, 0.315, 0.039999999999999994, 0.009999999999999998, 0.009999999999999998], "suspicious_score": 0.4922, "timestamp": "2026-05-05T10:03:59.643022"}